,time,low,high,open,close,volume
0,1588377600,8762.01,9025.0,8829.42,8985.58,10539.26528999
1,1588464000,8731.01,9203.52,8984.69,8909.95,17147.65372312
2,1588550400,8533.98,8970.0,8907.85,8883.53,18380.62654424
3,1588636800,8769.69,9126.27,8887.81,9028.79,16392.29936609
4,1588723200,8922.13,9418.0,9028.78,9155.79,27650.87868274
5,1588809600,9028.89,10079.0,9155.79,10004.77,39447.57511824
6,1588896000,9730.0,10049.0,10000.37,9810.0,26363.71688893
7,1588982400,9521.0,9920.73,9810.01,9537.21,17931.1748552
8,1589068800,8106.7,9559.98,9537.21,8729.86,50909.84429757
9,1589155200,8185.0,9182.66,8729.86,8572.4,39999.37731433
10,1589241600,8534.85,8982.9,8572.4,8821.42,20219.23699186
11,1589328000,8803.97,9420.18,8821.41,9321.26,21357.63022841
12,1589414400,9257.15,9943.93,9320.85,9795.34,28752.36041568
13,1589500800,9120.0,9849.0,9795.34,9312.1,25180.97967322
14,1589587200,9215.01,9594.99,9312.1,9383.16,10782.32773503
15,1589673600,9325.81,9896.0,9380.01,9676.63,13540.66294076
16,1589760000,9436.97,9957.25,9677.45,9728.52,17710.29958398
17,1589846400,9463.22,9898.0,9728.52,9783.76,15229.62610784
18,1589932800,9294.54,9836.99,9783.57,9509.41,16895.54925055
19,1590019200,8800.0,9568.0,9509.4,9061.96,28081.22890941
20,1590105600,8923.5,9267.34,9059.32,9168.84,13731.91887098
21,1590192000,9090.11,9313.83,9168.84,9181.76,6878.84791748
22,1590278400,8680.7,9306.23,9181.09,8715.73,13004.34567862
23,1590364800,8632.93,8977.0,8715.69,8899.31,12328.24203695
24,1590451200,8694.23,9016.99,8900.0,8844.42,11507.43097855
25,1590537600,8811.46,9230.0,8844.41,9208.53,10936.67835282
26,1590624000,9112.0,9625.0,9208.53,9580.19,14511.07649252
27,1590710400,9330.01,9609.02,9580.01,9423.84,10415.42644355
28,1590796800,9326.43,9764.0,9423.85,9700.33,10509.69814742
29,1590883200,9369.58,9705.6,9700.32,9446.57,7944.71669301
30,1590969600,9417.42,10428.0,9445.83,10208.96,21676.60828748
31,1591056000,9270.0,10237.6,10208.96,9522.46,33220.58268645
32,1591142400,9385.22,9695.0,9521.53,9668.07,11446.72193696
33,1591228800,9450.0,9888.0,9668.06,9788.03,12441.27298837
34,1591315200,9585.44,9855.0,9791.96,9613.21,12495.89785858
35,1591401600,9526.03,9735.13,9613.42,9671.7,6501.31731671
36,1591488000,9370.0,9822.0,9670.28,9750.12,11628.94527829
37,1591574400,9632.79,9815.0,9750.12,9781.51,8533.83614916
38,1591660800,9567.33,9886.0,9781.51,9779.41,10329.87714811
39,1591747200,9690.0,10018.67,9779.7,9894.04,12965.42597405
40,1591833600,9050.0,9973.25,9894.35,9268.16,26779.8793933
41,1591920000,9227.0,9552.87,9268.16,9464.17,10992.51647836
42,1592006400,9346.0,9494.45,9464.71,9475.0,4581.79206303
43,1592092800,9240.0,9481.0,9475.0,9325.0,4829.79726322
44,1592179200,8895.01,9499.0,9328.63,9432.53,18589.28586581
45,1592265600,9381.0,9592.04,9432.57,9526.25,10345.29526997
46,1592352000,9227.03,9558.48,9526.25,9457.51,8937.92623229
47,1592438400,9267.18,9482.66,9457.51,9376.14,6300.5664912
48,1592524800,9229.0,9430.0,9376.14,9301.91,7871.9637482
49,1592611200,9161.0,9391.71,9300.42,9355.74,6900.60934146
50,1592697600,9273.0,9419.35,9355.74,9286.14,3088.66849893
51,1592784000,9267.58,9792.0,9286.14,9690.74,11775.73858785
52,1592870400,9572.22,9724.53,9690.67,9623.56,7946.97355694
53,1592956800,9195.0,9663.38,9623.56,9285.91,13410.75869027
54,1593043200,8979.07,9335.0,9285.94,9243.51,13529.05626726
55,1593129600,9027.62,9291.73,9242.98,9155.42,10702.37319002
56,1593216000,8815.01,9188.14,9155.42,9002.46,8507.26840968
57,1593302400,8931.77,9189.0,9002.38,9113.24,5537.7575057
58,1593388800,9014.0,9236.75,9113.23,9184.45,8658.42672493
59,1593475200,9059.6,9201.0,9188.79,9136.2,6820.86740899
60,1593561600,9088.0,9297.2,9135.91,9239.97,7550.15999655
61,1593648000,8938.0,9265.0,9239.41,9091.53,10774.18558946
62,1593734400,9036.74,9126.12,9091.98,9063.87,7738.46972112
63,1593820800,9039.84,9195.84,9059.73,9138.51,5300.78823324
64,1593907200,8905.84,9145.0,9138.51,9074.39,4601.32645918
65,1593993600,9061.59,9375.9,9074.37,9343.31,9959.28200198
66,1594080000,9201.57,9379.34,9343.31,9253.94,6326.83865418
67,1594166400,9232.2,9475.0,9253.94,9435.28,10135.31536748
68,1594252800,9154.79,9446.62,9435.28,9236.95,8450.14110132
69,1594339200,9118.0,9322.23,9236.95,9291.05,6892.47061091
70,1594425600,9182.35,9303.04,9291.04,9235.0,3369.21728725
71,1594512000,9159.33,9347.53,9235.0,9303.37,5419.21357745
72,1594598400,9193.52,9339.61,9303.38,9236.92,8698.43618823
73,1594684800,9100.0,9280.0,9236.91,9256.94,7497.56309216
74,1594771200,9154.01,9273.98,9256.94,9190.16,7196.32866271
75,1594857600,9005.0,9216.02,9190.8,9130.11,8765.69858912
76,1594944000,9054.99,9182.99,9130.93,9154.29,6423.74716202
77,1595030400,9122.65,9210.0,9154.29,9175.85,4121.62697417
78,1595116800,9105.37,9245.03,9175.83,9212.87,3520.07247613
79,1595203200,9131.0,9223.51,9214.01,9161.05,5815.33084221
80,1595289600,9157.04,9438.0,9161.05,9394.14,9603.9151125
81,1595376000,9277.0,9567.77,9394.14,9536.18,10362.35264843
82,1595462400,9450.04,9686.0,9536.2,9613.24,12992.9719195
83,1595548800,9475.7,9645.55,9613.24,9551.21,9798.89346586
84,1595635200,9536.64,9747.76,9551.21,9711.33,6973.11089437
85,1595721600,9661.35,10150.0,9711.79,9941.0,11615.0460936
86,1595808000,9935.0,11420.0,9941.0,11048.91,41850.57309953
87,1595894400,10575.0,11259.0,11048.05,10934.23,26011.37513947
88,1595980800,10843.47,11350.0,10934.22,11110.12,18556.27794282
89,1596067200,10811.0,11188.65,11108.16,11115.95,12408.70410754
90,1596153600,10975.0,11460.0,11115.99,11351.62,15747.02174952
91,1596240000,11237.82,11888.0,11351.61,11810.07,18293.12524307
92,1596326400,10546.15,12134.29,11810.07,11068.54,28118.42911355
93,1596412800,10911.74,11486.6,11067.46,11233.13,13783.34037417
94,1596499200,11006.16,11417.11,11233.16,11197.04,12074.47851394
95,1596585600,11073.7,11798.87,11197.05,11756.75,16637.78082145
96,1596672000,11580.19,11916.68,11756.75,11773.89,18053.08146864
97,1596758400,11350.0,11920.0,11773.89,11606.52,23761.51075422
98,1596844800,11529.45,11818.18,11606.52,11774.98,7315.88456116
99,1596931200,11532.04,11810.24,11773.24,11688.48,7595.96106535
100,1597017600,11470.01,12086.22,11688.25,11899.73,22152.58893673
101,1597104000,11120.0,11943.0,11899.87,11388.53,20706.60991744
102,1597190400,11148.54,11625.0,11388.88,11566.45,12809.98917913
103,1597276800,11274.14,11802.09,11566.44,11795.95,15369.40392513
104,1597363200,11651.24,11865.97,11795.95,11779.0,13797.82000137
105,1597449600,11688.0,11989.98,11777.5,11859.24,12567.03859346
106,1597536000,11686.53,11940.0,11860.02,11918.84,8911.25397878
107,1597622400,11775.0,12486.61,11918.84,12304.26,23814.66050181
108,1597708800,11825.0,12400.0,12303.98,11950.0,18628.91287504
109,1597795200,11569.0,12024.83,11954.22,11758.87,16646.31489492
110,1597881600,11671.48,11892.16,11758.87,11864.26,8801.17750309
111,1597968000,11480.0,11884.99,11864.26,11529.22,14865.37875873
112,1598054400,11370.0,11693.16,11529.99,11672.93,7946.02465327
113,1598140800,11525.62,11715.0,11672.92,11650.01,5516.17048181
114,1598227200,11592.91,11823.62,11650.01,11753.85,7253.01922609
115,1598313600,11102.73,11769.76,11753.26,11324.92,14348.63533296
116,1598400000,11254.89,11539.99,11324.92,11463.27,9124.5541845
117,1598486400,11125.0,11597.92,11463.27,11330.06,13517.39421459
118,1598572800,11282.09,11550.51,11330.56,11535.0,10373.89590327
119,1598659200,11422.21,11580.0,11535.0,11474.31,5417.54146196
120,1598745600,11463.87,11720.0,11474.3,11716.01,5594.22582376
121,1598832000,11576.0,11784.66,11716.0,11655.0,9123.59353747
122,1598918400,11525.09,12086.0,11655.0,11924.22,16057.64432384
123,1599004800,11160.0,11950.0,11924.22,11395.48,19721.44316904
124,1599091200,10005.0,11474.99,11395.49,10172.52,30364.24398441
125,1599177600,9895.22,10638.34,10172.13,10500.05,23366.46467779
126,1599264000,9813.0,10564.8,10500.05,10168.36,22450.75807716
127,1599350400,10000.0,10358.88,10169.58,10257.86,9516.19303239
128,1599436800,9880.0,10410.9,10258.67,10375.0,11996.92866276
129,1599523200,9819.83,10440.91,10375.0,10125.69,15768.31017626
130,1599609600,9983.34,10349.99,10126.41,10224.56,9645.50409232
131,1599696000,10216.41,10489.0,10224.56,10343.23,11237.01908035
132,1599782400,10200.0,10411.44,10344.24,10394.41,7200.29156246
133,1599868800,10276.19,10483.23,10394.41,10446.52,6495.30033616
134,1599955200,10211.0,10582.36,10446.52,10336.76,10442.19360563
135,1600041600,10253.0,10760.62,10336.76,10679.95,13532.95018331
136,1600128000,10613.18,10950.0,10678.41,10783.75,12634.3292873
137,1600214400,10662.02,11099.95,10783.36,10959.61,11003.70130082
138,1600300800,10735.55,11044.0,10957.06,10943.61,8885.4490645
139,1600387200,10813.0,11039.88,10943.99,10937.52,8660.059472
140,1600473600,10891.78,11179.9,10937.5,11080.0,5718.02211829
141,1600560000,10759.37,11081.37,11081.09,10920.89,6003.78509052
142,1600646400,10180.0,10994.0,10920.94,10416.82,15004.71121349
143,1600732800,10355.0,10576.82,10416.83,10531.13,7904.25642443
144,1600819200,10135.22,10541.25,10531.13,10235.1,8893.24233647
145,1600905600,10192.56,10795.87,10237.41,10740.01,9678.39349807
146,1600992000,10551.0,10765.07,10740.0,10690.53,9690.62760986
147,1601078400,10654.58,10828.0,10690.53,10730.0,3783.39739972
148,1601164800,10595.24,10806.32,10730.0,10778.2,3880.03686062
149,1601251200,10621.22,10956.11,10779.0,10695.55,8876.06156838
150,1601337600,10636.13,10860.79,10694.9,10840.73,8200.78265336
151,1601424000,10657.04,10847.0,10839.98,10779.63,6318.52943807
152,1601510400,10427.75,10931.98,10779.63,10617.63,12848.73637335
153,1601596800,10363.76,10668.56,10616.35,10573.12,10263.48290265
154,1601683200,10498.02,10606.36,10573.12,10551.65,3211.70459291
155,1601769600,10521.87,10697.0,10550.32,10671.11,3569.25620166
156,1601856000,10621.12,10800.0,10670.01,10795.0,6081.38701926
157,1601942400,10524.0,10800.0,10796.97,10602.66,7596.36372031
158,1602028800,10546.78,10683.75,10601.2,10670.47,6108.04255109
159,1602115200,10532.11,10963.16,10670.47,10933.09,11301.25106194
160,1602201600,10834.49,11111.11,10932.44,11057.07,10098.3991552
161,1602288000,11055.75,11498.98,11057.07,11299.5,9312.75916488
162,1602374400,11276.28,11444.25,11299.52,11374.01,5163.46475688
163,1602460800,11187.6,11736.02,11374.01,11535.46,11056.91558046
164,1602547200,11312.59,11561.45,11535.46,11428.22,8639.21277154
165,1602633600,11290.83,11556.37,11428.22,11427.7,7078.70152873
166,1602720000,11263.15,11641.38,11427.7,11509.34,8538.52039637
167,1602806400,11201.0,11550.01,11509.31,11328.95,9505.26615373
168,1602892800,11264.75,11421.0,11328.27,11367.89,3586.1455215
169,1602979200,11350.37,11523.0,11367.9,11514.2,4352.09499051
170,1603065600,11416.04,11833.0,11514.2,11760.45,10313.23447344
171,1603152000,11685.0,12050.0,11760.45,11923.83,13840.02481291
172,1603238400,11900.01,13250.04,11923.07,12808.0,32404.63293167
173,1603324800,12698.02,13200.0,12808.01,12987.02,20337.78966446
174,1603411200,12722.72,13037.0,12988.2,12937.09,10450.87207186
175,1603497600,12884.31,13175.0,12938.0,13126.24,7915.34663475
176,1603584000,12890.76,13361.0,13126.34,13045.0,9276.17719938
177,1603670400,12785.0,13250.0,13045.02,13068.79,12275.35826032
178,1603756800,13061.28,13793.72,13068.79,13698.18,17267.43967837
179,1603843200,12891.57,13863.87,13740.85,13281.05,21073.3766776
180,1603929600,12976.29,13650.0,13281.06,13460.0,15796.07667651
181,1604016000,13131.31,13687.82,13460.0,13571.51,15664.29047538
182,1604102400,13424.73,14098.92,13571.51,13804.81,12166.30429818
183,1604188800,13630.05,13906.74,13803.69,13771.59,6252.00619492
184,1604275200,13215.0,13840.0,13771.7,13563.22,12191.83070954
185,1604361600,13290.0,14081.45,13563.22,14035.8,13965.78812958
186,1604448000,13530.01,14273.6,14034.35,14161.48,16894.77786852
187,1604534400,14115.0,15775.0,14165.86,15608.21,31865.97472203
188,1604620800,15190.36,15977.67,15608.06,15599.95,25150.39252742
189,1604707200,14310.0,15779.24,15599.95,14834.09,23552.06912628
190,1604793600,14721.9,15666.0,14834.09,15482.9,11856.3281802
191,1604880000,14817.14,15856.9,15482.89,15342.25,21951.27612698
192,1604966400,15090.08,15481.06,15342.1,15315.03,13489.67510052
193,1605052800,15293.04,16000.0,15315.46,15705.79,15257.35722584
194,1605139200,15446.82,16370.89,15705.79,16310.81,22153.73849401
195,1605225600,15975.0,16491.92,16310.81,16339.56,14593.51518544
196,1605312000,15708.24,16339.6,16339.56,16082.01,9205.916488
197,1605398400,15796.09,16175.6,16082.01,15966.89,6250.07966791
198,1605484800,15879.0,16892.0,15970.0,16726.64,13948.30524238
199,1605571200,16575.42,17880.0,16726.49,17679.36,25230.22403641
200,1605657600,17205.02,18488.0,17679.86,17782.91,32425.98660226
201,1605744000,17356.0,18193.29,17790.18,17821.58,17141.49267548
202,1605830400,17764.76,18830.3,17821.92,18675.25,17901.931678
203,1605916800,18350.0,18980.0,18677.84,18721.21,13604.27139959
204,1606003200,17610.77,18773.56,18721.21,18437.66,15423.83816127
205,1606089600,18001.0,18777.77,18437.18,18384.82,17655.66362172
206,1606176000,18052.02,19469.0,18384.82,19172.84,26623.09452709
207,1606262400,18502.0,19500.0,19172.9,18721.93,20485.39373121
208,1606348800,16200.0,18915.48,18717.24,17170.0,48644.17078197
209,1606435200,16400.0,17475.0,17169.99,17153.95,23333.98429789
210,1606521600,16880.0,17933.25,17155.43,17739.85,13157.9519653
211,1606608000,17535.26,18359.0,17736.1,18202.04,8932.25029132
212,1606694400,18201.47,19873.23,18202.02,19713.94,27293.4791942
213,1606780800,18109.0,19915.14,19713.94,18782.97,30442.86543674
214,1606867200,18335.0,19340.0,18778.18,19225.63,16227.13637423
215,1606953600,18885.0,19625.64,19222.45,19448.64,14648.29683367
216,1607040000,18576.05,19546.46,19446.43,18658.1,16382.87739223
217,1607126400,18501.0,19189.98,18658.09,19158.96,7082.22230272
218,1607212800,18878.0,19430.25,19158.96,19375.6,6665.28189472
219,1607299200,18901.0,19432.57,19375.6,19177.71,8977.45166263
220,1607385600,18200.0,19299.51,19177.08,18316.22,15161.86263318
221,1607472000,17639.0,18647.33,18316.22,18546.55,20667.36635634
222,1607558400,17905.0,18556.42,18546.55,18253.44,14899.20296937
223,1607644800,17580.0,18293.08,18257.18,18042.15,16953.63356031
224,1607731200,18023.57,18955.34,18044.19,18821.28,8616.1725039
225,1607817600,18730.0,19421.03,18821.28,19166.65,10624.20069187
226,1607904000,18967.68,19349.98,19166.65,19272.37,9102.36972564
227,1607990400,19051.27,19565.0,19272.37,19444.6,15345.21212651
228,1608076800,19300.0,21569.94,19443.19,21359.65,33350.23500216
229,1608163200,21252.01,23776.94,21360.5,22826.48,53602.34952384
230,1608249600,22329.0,23280.0,22826.37,23137.76,24829.23581848
231,1608336000,22770.0,24200.0,23138.89,23849.99,20577.66441198
232,1608422400,23100.0,24300.0,23850.0,23476.51,14963.41787144
233,1608508800,21913.84,24118.75,23476.51,22729.4,25728.63855953
234,1608595200,22380.05,23839.78,22729.4,23823.27,18597.6512303
235,1608681600,22600.0,24090.0,23824.13,23228.35,23412.12172023
236,1608768000,22712.89,23785.0,23226.18,23717.96,16440.75295146
237,1608854400,23416.0,24770.95,23718.61,24704.71,15792.47583445
238,1608940800,24490.01,26822.0,24704.71,26475.35,24782.44015598
239,1609027200,25772.55,28387.0,26482.64,26258.65,33627.00745897
240,1609113600,26086.19,27477.0,26255.16,27040.36,21265.70934972
241,1609200000,25833.73,27396.77,27039.39,27366.35,20668.10433798
242,1609286400,27311.73,29018.26,27366.35,28897.42,28181.49681491
243,1609372800,28000.0,29321.9,28897.42,28990.08,28813.88691084
244,1609459200,28700.0,29688.88,28990.08,29412.84,22211.25251806
245,1609545600,29039.0,33300.0,29413.29,32225.91,46675.24652146
246,1609632000,32008.62,34810.0,32222.88,33080.66,36951.71650628
247,1609718400,27678.0,33666.99,33082.84,32019.99,46045.38968508
248,1609804800,29891.13,34499.67,32020.22,34030.64,42282.56920027
249,1609891200,33352.54,37000.0,34043.91,36859.26,45744.10320015
250,1609977600,36200.0,40425.0,36859.26,39505.56,50346.30569052
251,1610064000,36565.08,41986.37,39510.55,40665.15,48522.48490272
252,1610150400,38800.0,41406.94,40642.15,40257.43,27152.97102881
253,1610236800,34444.0,41452.12,40257.43,38171.57,43736.57031589
254,1610323200,30100.0,38273.88,38168.89,35452.59,102503.15672849
255,1610409600,32500.0,36604.51,35456.89,34038.98,48227.62752035
256,1610496000,32309.04,37888.0,34035.53,37393.66,39608.73718747
257,1610582400,36751.11,40127.66,37393.67,39125.14,31868.76049365
258,1610668800,34298.93,39697.0,39123.05,36754.67,36421.05918785
259,1610755200,35372.59,37948.0,36754.6,36006.94,20861.42545209
260,1610841600,33850.03,36860.0,36004.8,35820.0,19182.04934663
261,1610928000,34736.46,37402.0,35820.01,36624.23,16609.64108414
262,1611014400,35895.11,37857.0,36624.23,35917.28,18904.77910604
263,1611100800,33387.01,36415.34,35921.91,35503.09,25445.70800774
264,1611187200,30011.0,35628.24,35498.85,30855.95,50473.11375071
265,1611273600,28732.0,33867.0,30855.9,32984.93,48155.72161708
266,1611360000,31432.19,33488.79,32982.66,32112.01,16139.81478284
267,1611446400,30931.21,33086.53,32110.0,32288.56,13618.80097809
268,1611532800,31920.8,34888.0,32293.18,32261.87,23045.66293389
269,1611619200,30830.0,32960.37,32260.52,32510.82,23535.83891688
270,1611705600,29156.0,32584.62,32510.82,30407.13,46207.08537355
271,1611792000,29902.14,34000.0,30414.11,33488.99,36007.06269488
272,1611878400,31990.0,38570.13,33487.92,34262.11,72641.07974951
273,1611964800,32852.86,34900.0,34262.11,34315.63,21362.15173754
274,1612051200,32200.0,34387.75,34315.63,33137.74,16436.39757593
275,1612137600,32333.0,34728.57,33137.75,33533.19,21975.41378272
276,1612224000,33450.0,36000.0,33534.39,35512.67,19995.83908338
277,1612310400,35393.8,37723.72,35513.0,37678.37,23781.96945181
278,1612396800,36156.45,38769.0,37688.42,36975.0,31699.36292316
279,1612483200,36605.87,38349.0,36976.59,38311.49,17842.70173175
280,1612569600,38250.0,41000.0,38327.09,39265.43,27102.80602941
281,1612656000,37371.35,39737.83,39266.1,38871.42,20297.87256102
282,1612742400,38057.01,46750.0,38871.43,46448.1,47934.0103883
283,1612828800,45020.0,48200.0,46453.66,46514.73,36418.79365116
284,1612915200,43706.86,47349.99,46514.73,44850.0,25818.01157857
285,1613001600,44011.0,48690.0,44850.0,47997.91,26222.60477552
286,1613088000,46300.0,48912.0,47993.6,47408.34,23503.15583529
287,1613174400,46300.0,48199.0,47408.34,47232.45,12020.8773325
288,1613260800,47100.13,49700.0,47240.75,48680.69,15146.55244091
289,1613347200,45768.46,49093.44,48667.23,47936.37,19432.15278111
290,1613433600,47051.22,50645.0,47935.66,49158.71,23053.20561135
291,1613520000,48942.87,52640.35,49141.43,52170.01,25675.171441
292,1613606400,50875.0,52549.99,52170.01,51601.73,15689.40275173
293,1613692800,50725.0,56370.05,51596.0,55983.56,27961.48197104
294,1613779200,54000.1,57563.57,55983.57,55923.52,22137.82194494
295,1613865600,55531.23,58367.0,55921.44,57489.16,13530.43444443
296,1613952000,46616.0,57577.69,57489.16,54142.13,49449.16575779
297,1614038400,44888.08,54206.22,54125.67,48899.99,72300.585728
298,1614124800,47002.0,51415.41,48899.99,49737.82,30732.14949499
299,1614211200,46700.0,52107.83,49737.81,47058.48,28011.20414657
300,1614297600,44150.0,48464.64,47063.9,46326.2,36048.6181927
301,1614384000,45055.0,48356.86,46319.79,46180.75,16290.28071728
302,1614470400,43016.0,46656.0,46169.92,45231.75,22745.60600179
303,1614556800,45042.13,49829.0,45231.74,49639.4,25068.25043716
304,1614643200,47075.11,50250.0,49635.3,48511.6,17063.56302004
305,1614729600,48161.75,52666.0,48502.18,50360.0,21301.47723933
306,1614816000,47502.0,51798.33,50370.33,48368.52,23386.97957577
307,1614902400,46219.32,49473.99,48370.97,48769.47,25468.18029576
308,1614988800,47077.0,49210.0,48766.01,48909.84,11877.83755909
309,1615075200,48909.83,51459.0,48909.84,50978.61,13965.15473114
310,1615161600,49328.62,52425.0,50976.22,52415.23,18856.28684439
311,1615248000,51845.01,54936.0,52413.17,54916.38,21177.14953983
312,1615334400,53025.0,57402.14,54921.61,55890.69,28326.07770941
313,1615420800,54283.0,58113.0,55888.7,57815.47,24369.21216789
314,1615507200,55050.0,58065.92,57820.15,57225.91,21760.53824103
315,1615593600,56083.74,61788.45,57220.84,61178.5,22301.28588901
316,1615680000,58950.0,61680.0,61181.38,58972.7,13581.96759058
317,1615766400,54568.0,60601.07,58972.71,55636.15,31651.39184131
318,1615852800,53221.0,56970.0,55629.08,56927.11,24432.37878722
319,1615939200,54138.01,58996.38,56924.26,58925.54,22687.57433043
320,1616025600,56996.15,60100.0,58925.54,57644.95,21459.4962399
321,1616112000,56260.0,59461.99,57644.95,58039.66,16429.629743
322,1616198400,57827.97,59928.0,58026.91,58116.7,9725.28123717
323,1616284800,55543.89,58651.22,58126.34,57363.32,11841.63877891
324,1616371200,53739.5,58421.68,57377.29,54110.07,19512.15647151
325,1616457600,53000.0,55858.0,54111.49,54345.54,19221.75674
326,1616544000,51673.82,57209.97,54333.27,52276.16,23775.21362623
327,1616630400,50305.0,53238.0,52259.69,51325.01,29642.04415588
328,1616716800,51250.0,55125.13,51320.76,55072.44,17843.00738205
329,1616803200,53966.0,56640.0,55080.9,55856.53,11333.33349523
330,1616889600,54701.0,56587.08,55856.54,55778.82,9235.80302347
331,1616976000,54900.0,58400.0,55781.22,57613.48,17552.36885101
332,1617062400,57000.0,59397.48,57613.76,58786.46,15105.07669026
333,1617148800,56873.8,59800.0,58786.46,58800.0,17376.62672814
334,1617235200,57930.0,59474.94,58800.01,58726.48,11096.33004907
335,1617321600,58441.88,60055.02,58726.47,58981.04,10966.93017846
336,1617408000,56943.0,59752.0,58981.04,57094.34,8405.26400491
337,1617494400,56478.53,58500.0,57094.34,58215.94,6301.43187883
338,1617580800,56817.64,59251.76,58216.73,59123.02,9204.86323941
339,1617667200,57333.33,59475.0,59134.07,58019.98,10354.33014603
340,1617753600,55400.0,58630.0,58021.67,55955.75,17787.29445084
341,1617840000,55700.0,58152.0,55962.67,58083.1,8073.59731731
342,1617926400,57670.51,58869.69,58083.1,58092.68,8094.74629652
343,1618012800,57875.41,61218.97,58092.68,59778.6,12817.81106734
344,1618099200,59177.06,60658.89,59778.59,59985.26,7278.96516665
345,1618185600,59369.0,61199.0,59983.66,59839.82,11467.72752999
346,1618272000,59799.01,63774.39,59836.88,63588.22,17897.76603088
347,1618358400,61277.91,64899.0,63588.22,62971.8,22570.84113444
348,1618444800,62036.73,63831.82,62971.8,63229.04,11209.4505281
349,1618531200,60048.43,63604.34,63229.04,61427.27,19867.41322269
350,1618617600,59700.0,62572.48,61427.27,60058.86,10847.76785762
351,1618704000,51300.0,60437.97,60067.2,56274.41,36891.70959047
352,1618790400,54187.85,57600.0,56273.65,55696.83,16838.39171629
353,1618876800,53430.01,57111.0,55696.83,56499.29,18608.27983583
354,1618963200,53620.91,56810.56,56477.67,53800.86,15584.08398293
355,1619049600,50400.0,55469.98,53795.62,51701.59,30427.89153907
356,1619136000,47464.65,52130.58,51695.98,51187.27,38794.85818376
357,1619222400,48726.87,51260.61,51187.75,50089.15,11839.14355893
358,1619308800,47044.01,50591.38,50101.42,49121.0,14633.51206544
359,1619395200,48817.62,54400.0,49121.0,54053.6,18005.22399425
360,1619481600,53321.0,55509.39,54047.8,55069.62,13957.08649512
361,1619568000,53887.0,56476.17,55069.61,54894.03,16484.33677655
362,1619654400,52369.61,55226.86,54889.81,53580.0,14592.31688772
363,1619740800,53068.43,58075.01,53580.0,57798.77,16536.33288912
364,1619827200,57050.94,58550.0,57798.77,57859.28,10787.04933216
365,1619913600,56072.0,57972.26,57859.28,56625.2,7647.62578087
366,1620000000,56500.0,58986.0,56625.21,57212.73,15165.00648795
367,1620086400,53057.7,57247.24,57212.73,53241.92,23492.0586849
368,1620172800,52913.02,57980.86,53241.91,57515.69,22918.90458572
369,1620259200,55288.0,58400.0,57515.69,56440.66,18244.13605211
370,1620345600,55300.0,58735.95,56444.82,57380.39,18323.8958022
371,1620432000,56980.01,59559.84,57380.39,58958.05,15374.94442964
372,1620518400,56265.3,59300.52,58958.06,58312.57,17169.72318523
373,1620604800,53600.0,59592.2,58313.84,55866.41,24647.23540718
374,1620691200,54511.48,56962.07,55866.38,56753.19,15446.63591676
375,1620777600,48500.0,58041.0,56753.19,49498.77,29660.84273553
376,1620864000,46000.0,52500.0,49498.76,49690.11,42250.08740789
377,1620950400,48895.0,51569.56,49682.28,49893.48,21987.79362448
378,1621036800,46573.0,50730.58,49893.48,46775.51,21936.11454712
379,1621123200,43825.0,49808.28,46771.01,46450.79,30655.33064729
380,1621209600,42101.0,46646.15,46450.78,43580.5,43660.22208427
381,1621296000,42300.0,45851.0,43571.89,42857.15,28210.30024018
382,1621382400,30000.0,43591.7,42865.05,36731.75,109537.24233282
383,1621468800,35000.0,42605.0,36735.44,40623.33,51445.79735691
384,1621555200,33501.54,42275.99,40623.24,37340.77,55961.90006046
385,1621641600,35257.52,38889.76,37333.09,37476.83,29239.02738254
386,1621728000,31111.0,38319.36,37476.84,34758.67,53433.30296532
387,1621814400,34407.17,39966.87,34758.88,38878.56,44419.45827713
388,1621900800,36481.26,39878.51,38874.53,38361.81,26107.55687287
389,1621987200,37837.36,40900.0,38361.81,39293.23,25107.68631485
390,1622073600,37191.99,40440.95,39293.23,38556.88,19390.89447264
391,1622160000,34688.0,38900.0,38556.88,35680.47,36231.72333985
392,1622246400,33650.86,37325.0,35680.48,34627.82,27999.15073256
393,1622332800,33333.0,36500.0,34627.81,35669.44,16038.94658082
394,1622419200,34183.0,37534.09,35669.44,37279.31,19527.11600162
395,1622505600,35669.14,37918.97,37276.23,36685.0,15713.10281689
396,1622592000,35920.0,38237.37,36684.99,37577.91,13952.35891376
397,1622678400,37184.88,39489.82,37581.83,39248.55,14325.7560692
398,1622764800,35593.22,39291.24,39248.54,36856.52,17917.63251152
399,1622851200,34832.17,37921.35,36856.53,35539.49,13654.69033381
400,1622937600,35258.0,36477.86,35539.97,35800.48,8184.50324318
401,1623024000,33333.0,36812.39,35800.48,33575.91,18997.71626987
402,1623110400,31004.95,34069.0,33567.26,33402.13,34937.55754915
403,1623196800,32408.53,37573.99,33402.13,37403.86,26040.89793254
404,1623283200,35800.0,38425.67,37404.75,36694.05,19853.81418911
405,1623369600,35944.0,37695.0,36694.91,37338.44,14142.19349961
406,1623456000,34635.47,37448.0,37340.08,35557.33,14516.54556279
407,1623542400,34780.57,39396.0,35557.32,39015.24,15748.96203951
408,1623628800,38744.83,41076.03,39015.24,40539.47,21916.84415956
409,1623715200,39510.98,41322.55,40537.93,40162.37,17020.70299457
410,1623801600,38105.0,40499.0,40158.06,38351.0,17238.57541183
411,1623888000,37365.63,39554.98,38351.0,38095.17,15970.35031651
412,1623974400,35153.16,38216.22,38103.94,35841.81,23472.37724375
413,1624060800,34833.26,36457.18,35840.96,35484.79,16801.08670642
414,1624147200,33347.05,36139.73,35484.8,35585.78,19400.07454207
415,1624233600,31259.0,35741.54,35585.79,31609.82,41304.39903519
416,1624320000,28800.0,33352.0,31609.82,32538.37,48409.17333487
417,1624406400,31708.03,34881.02,32538.9,33688.35,23124.81248294
418,1624492800,32300.0,35295.67,33688.51,34654.58,16868.94084747
419,1624579200,31300.0,35500.0,34654.87,31594.63,26505.19266978
420,1624665600,30173.49,32711.68,31594.62,32275.19,18299.38702942
421,1624752000,32002.21,34749.0,32267.59,34709.23,14428.92978925
422,1624838400,33864.99,35301.43,34708.53,34493.22,14920.2647883
423,1624924800,34233.35,36675.0,34493.22,35904.28,17917.59826258
424,1625011200,34033.0,36094.42,35906.17,35060.0,16700.72309396
425,1625097600,32703.48,35066.54,35060.0,33516.11,13210.9509733
426,1625184000,32704.73,33972.06,33510.93,33805.02,11765.65389836
427,1625270400,33320.0,34953.07,33805.01,34682.16,6197.80112922
428,1625356800,34390.53,35951.0,34685.03,35284.05,6224.03057033
429,1625443200,33156.86,35290.82,35284.06,33697.78,9607.60619891
430,1625529600,33300.0,35100.0,33697.78,34225.73,10313.01368118
431,1625616000,33770.01,35077.46,34225.72,33878.56,9404.8979867
432,1625702400,32111.0,33934.62,33879.5,32875.95,14147.3525248
433,1625788800,32255.24,34100.0,32875.95,33824.26,8320.90649257
434,1625875200,33027.83,34267.14,33824.25,33515.35,4906.24582215
435,1625961600,33333.33,34607.37,33515.35,34259.23,7023.06500489
436,1626048000,32665.0,34670.0,34259.22,33091.1,10145.24046995
437,1626134400,32201.12,33337.61,33077.43,32734.14,9478.04218884
438,1626220800,31600.0,33125.55,32734.14,32816.39,10355.3186961
439,1626307200,31064.77,33187.6,32815.75,31868.68,11273.61174025
440,1626393600,31025.42,32259.16,31872.49,31388.06,10006.47793721
441,1626480000,31179.01,31949.99,31389.57,31533.91,5695.57411588
442,1626566400,31125.6,32450.0,31533.9,31788.25,5006.4831051
443,1626652800,30429.99,31887.82,31786.37,30842.03,11027.00528966
444,1626739200,29301.56,31052.65,30842.04,29796.16,18114.15286104
445,1626825600,29501.02,32825.0,29796.15,32135.19,15598.47830878
446,1626912000,31729.68,32611.84,32152.68,32287.74,7704.6404628
447,1626998400,32000.0,33647.27,32287.75,33647.26,9004.84262627
448,1627084800,33424.7,34525.0,33647.27,34283.01,9864.75243703
449,1627171200,33888.89,35451.04,34291.67,35428.26,9434.63002297
450,1627257600,35251.54,40593.93,35428.25,37262.77,40354.54555841
451,1627344000,36413.26,39550.0,37262.76,39470.48,24709.10440908
452,1627430400,38803.34,40925.56,39475.99,40035.1,27198.33358111
453,1627516800,39229.47,40644.85,40035.1,40039.44,11022.42512817
454,1627603200,38342.0,42320.57,40039.44,42237.95,15063.2344059
455,1627689600,41064.11,42414.61,42233.66,41495.01,9351.94288576
456,1627776000,39426.0,42605.64,41499.0,39865.41,10617.67293456
457,1627862400,38690.0,40459.68,39859.18,39149.59,12379.41216528
458,1627948800,37627.21,39785.3,39149.59,38191.44,15094.81739624
459,1628035200,37509.0,39965.1,38189.4,39722.41,15327.67624669
460,1628121600,37300.0,41447.89,39718.9,40888.74,28507.85532682
461,1628208000,39876.74,43399.26,40888.73,42869.58,20425.1145444
462,1628294400,42457.27,44750.0,42869.59,44637.34,19634.79475606
463,1628380800,43131.97,45363.83,44628.11,43829.14,18712.27158173
464,1628467200,42821.3,46497.42,43829.15,46285.48,19464.72493503
465,1628553600,44650.27,46718.44,46280.0,45595.66,13756.50066875
466,1628640000,45350.74,46781.09,45601.82,45553.49,11628.32043954
467,1628726400,43714.36,46223.95,45553.1,44422.14,13169.78176994
468,1628812800,44249.64,47953.9,44422.15,47833.64,11794.94196257
469,1628899200,46034.93,48176.52,47833.64,47109.65,8130.36769388
470,1628985600,45525.19,47400.0,47109.64,47014.49,7745.70200802
471,1629072000,45676.91,48076.52,47014.38,45902.46,10467.66031475
472,1629158400,44405.39,47174.62,45903.22,44671.58,12756.14777945
473,1629244800,44216.47,46035.27,44675.34,44707.98,10327.49887365
474,1629331200,43955.0,47088.08,44709.1,46765.87,11938.12185013
475,1629417600,46644.95,49400.0,46769.02,49342.4,13184.67048641
476,1629504000,48285.28,49821.92,49349.99,48867.02,9574.83615164
477,1629590400,48102.89,49526.13,48870.21,49284.63,6243.39643384
478,1629676800,49012.84,50505.0,49284.38,49506.5,10824.26838095
479,1629763200,47600.0,49875.9,49504.53,47682.45,12068.33823315
480,1629849600,47122.02,49277.0,47682.45,48987.33,9289.23177109
481,1629936000,46315.48,49365.1,48991.57,46851.47,11651.34373853
482,1630022400,46361.01,49185.12,46851.47,49077.57,8924.12247655
483,1630108800,48370.0,49309.83,49081.08,48942.94,4895.70191319
484,1630195200,47801.0,49667.1,48942.89,48802.58,6935.09511006
485,1630281600,46866.0,48906.51,48802.58,46993.71,12249.23741495
486,1630368000,46708.93,48259.68,46996.8,47112.5,12919.43970212
487,1630454400,46537.62,49125.0,47110.33,48839.86,13010.83839478
488,1630540800,48620.73,50392.19,48834.27,49279.37,14120.3826407
489,1630627200,48349.66,51064.44,49279.38,50025.0,14577.22621879
490,1630713600,49400.0,50558.75,50025.0,49942.98,7595.48816499
491,1630800000,49500.0,51907.08,49944.89,51789.17,7743.93472308
492,1630886400,51020.08,52802.03,51789.17,52698.81,9571.75471136
493,1630972800,42830.77,52944.96,52698.8,46894.5,29022.815351
494,1631059200,44423.49,47381.47,46894.49,46060.36,19624.55093117
495,1631145600,45511.82,47400.0,46059.94,46400.0,13594.64633403
496,1631232000,44140.48,47040.76,46396.26,44851.45,14905.54795341
497,1631318400,44730.29,45989.94,44850.37,45171.83,6207.38337004
498,1631404800,44754.31,46462.98,45173.66,46024.23,6499.85821749
499,1631491200,43465.0,46900.0,46027.8,44947.72,15015.30289712
500,1631577600,44679.92,47274.92,44953.23,47127.22,12644.16435358
501,1631664000,46705.0,48475.0,47127.81,48148.12,12139.84206628
502,1631750400,47020.82,48499.99,48144.03,47753.16,11739.27966629
503,1631836800,46752.67,48176.64,47753.15,47303.5,9088.56956453
504,1631923200,47050.0,48825.62,47306.87,48314.56,7491.03449237
505,1632009600,46850.87,48379.19,48309.86,47255.92,7086.34626236
506,1632096000,42500.0,47358.92,47253.71,43012.97,27706.67636162
507,1632182400,39600.0,43639.88,43007.69,40719.6,27275.33818249
508,1632268800,40570.42,44035.44,40736.81,43575.1,19462.53865157
509,1632355200,43096.73,45000.0,43575.19,44897.59,13446.87468684
510,1632441600,40683.29,45200.0,44896.55,42848.92,22451.57711462
511,1632528000,41675.0,42998.76,42848.44,42705.51,7383.32390261
512,1632614400,40803.0,43937.0,42705.51,43178.02,9971.64545213
513,1632700800,42111.0,44366.96,43172.17,42171.76,10094.77099806
514,1632787200,40897.7,42780.0,42166.31,41026.07,10491.81363045
515,1632873600,40750.12,42638.99,41030.19,41522.16,10303.30152312
516,1632960000,41409.67,44110.17,41519.11,43824.43,12835.9838101
517,1633046400,43287.44,48500.0,43828.89,48165.76,20095.33155568
518,1633132800,47451.0,48359.33,48165.76,47657.69,7262.63442143
519,1633219200,47120.11,49300.0,47663.74,48233.99,7989.25925892
520,1633305600,46916.7,49505.0,48233.99,49245.54,13938.64182971
521,1633392000,49057.18,51906.23,49244.13,51493.99,17828.59726658
522,1633478400,50416.01,55757.11,51499.77,55339.48,25869.64925998
523,1633564800,53379.0,55356.85,55346.95,53797.82,15820.83417633
524,1633651200,53634.41,56113.0,53805.46,53963.82,12416.9019906
525,1633737600,53675.0,55500.0,53965.18,54962.29,7123.05512404
526,1633824000,54112.95,56545.24,54963.29,54690.53,9370.1912382
527,1633910400,54411.54,57833.23,54683.09,57487.44,13422.42081815
528,1633996800,53873.78,57674.55,57485.97,56005.1,15457.00896085
529,1634083200,54236.09,57771.33,56005.1,57367.32,14691.01338574
530,1634169600,56832.32,58520.71,57367.32,57359.51,12198.02457938
531,1634256000,56867.11,62910.0,57359.51,61695.39,27105.19764492
532,1634342400,60139.01,62350.0,61690.32,60877.42,10161.25819825
533,1634428800,58943.83,61744.17,60867.05,61527.11,9153.32273471
534,1634515200,59887.74,62675.19,61530.07,62042.41,19798.1489024
535,1634601600,61333.0,64500.0,62042.4,64303.14,17380.30486176
536,1634688000,63525.0,66999.0,64303.14,66026.54,19194.45410878
537,1634774400,62050.0,66650.85,66021.26,62204.02,23474.39133313
538,1634860800,60000.0,63750.0,62204.01,60687.64,17217.70765017
539,1634947200,59650.0,61750.0,60682.88,61300.01,6708.15013802
540,1635033600,59522.89,61491.96,61300.02,60854.48,8573.72719199
541,1635120000,60653.5,63726.58,60847.91,63083.54,10496.58058683
542,1635206400,59837.07,63290.49,63081.96,60337.62,12181.48144997
543,1635292800,58100.0,61488.0,60333.19,58455.47,18856.68565412
544,1635379200,57653.88,62477.47,58462.73,60591.65,19354.49897509
545,1635465600,60188.73,62974.0,60591.63,62276.72,15497.01101939
546,1635552000,60725.01,62379.2,62287.95,61892.41,6793.59698552
547,1635638400,60001.0,62427.02,61896.38,61343.68,8371.1698899
548,1635724800,59500.0,62500.0,61346.17,60949.54,11724.34161877
549,1635811200,60672.16,64300.0,60956.4,63266.51,13694.11539462
550,1635897600,60070.0,63568.36,63266.5,62935.41,12951.87181247
551,1635984000,60728.77,63114.14,62935.4,61444.5,11051.75853921
552,1636070400,60777.0,62638.59,61444.49,61006.15,10598.79620286
553,1636156800,60125.0,61599.25,61006.14,61539.31,6366.43859189
554,1636243200,61397.86,63327.96,61539.3,63309.13,5596.02460734
555,1636329600,63309.12,67792.77,63309.12,67554.84,17661.87297159
556,1636416000,66261.79,68568.85,67554.13,66944.66,14996.62508818
557,1636502400,62800.0,69000.0,66938.76,64912.2,19030.24517744
558,1636588800,64133.78,65600.0,64912.2,64807.59,10259.51472415
559,1636675200,62300.0,65477.06,64807.73,64147.9,13658.626579
560,1636761600,63394.17,64990.0,64144.42,64400.01,5968.10354833
561,1636848000,63596.9,65525.0,64400.01,65505.02,6081.57225975
562,1636934400,63371.0,66339.9,65505.03,63624.59,10426.55522646
563,1637020800,58638.0,63624.6,63621.05,60107.98,24910.15267457
564,1637107200,58380.0,60824.38,60101.56,60351.51,20907.21545076
565,1637193600,56514.13,60977.21,60351.51,56898.0,26749.21203012
566,1637280000,55625.0,58412.12,56898.46,58122.16,18554.56064192
567,1637366400,57423.35,59900.0,58122.15,59760.76,7584.65241653
568,1637452800,58509.69,60070.0,59760.76,58671.21,6661.36635434
569,1637539200,55641.03,59526.51,58671.22,56280.81,15889.22078935
570,1637625600,55377.0,57886.03,56280.81,57566.85,14019.78167156
571,1637712000,55875.01,57607.97,57562.65,57162.66,12509.25971944
572,1637798400,57037.04,59445.99,57158.58,58987.27,10668.67680723
573,1637884800,53533.0,59194.0,58994.72,53757.67,25946.30174683
574,1637971200,53642.58,55316.67,53757.67,54759.05,7899.30349126
575,1638057600,53327.0,57490.0,54759.04,57317.17,8222.42493442
576,1638144000,56730.0,58908.27,57318.51,57838.06,13454.23335496
577,1638230400,55910.33,59249.77,57838.06,56987.97,18038.78770838
578,1638316800,56465.75,59118.84,56998.35,57226.5,16607.30872879
579,1638403200,55845.0,57423.69,57226.51,56521.46,12969.21952648
580,1638489600,51640.0,57670.68,56521.45,53638.04,19567.63113833
581,1638576000,42333.0,53876.09,53633.02,49241.12,39023.32978526
582,1638662400,47827.0,49783.0,49235.26,49484.22,21727.13821193
583,1638748800,47200.0,51105.0,49484.21,50529.56,23082.30465624
584,1638835200,50067.1,51995.0,50529.56,50625.48,14107.33216632
585,1638921600,48650.02,51250.0,50625.24,50519.68,13138.99183299
586,1639008000,47323.23,50844.86,50520.94,47568.43,15749.4243393
587,1639094400,46900.0,50148.49,47568.43,47170.94,15689.5742182
588,1639180800,46786.78,49517.18,47170.94,49407.75,11045.22374119
589,1639267200,48665.43,50828.13,49424.47,50089.64,10411.08180306
590,1639353600,45727.92,50218.42,50089.64,46727.89,20797.28834629
591,1639440000,46300.0,48686.91,46727.89,48367.43,17107.0342879
592,1639526400,46530.0,49500.0,48359.23,48884.78,21621.70983741
593,1639612800,47524.66,49459.39,48878.83,47634.22,12731.23681745
594,1639699200,45469.32,48000.0,47634.2,46166.5,18556.07900007
595,1639785600,45515.72,47368.73,46159.87,46859.46,8170.85303229
596,1639872000,46440.11,48351.92,46857.49,46687.19,9518.7071282
597,1639958400,45568.0,47548.93,46687.2,46926.07,16039.38510407
598,1640044800,46645.05,49339.31,46926.07,48914.7,15461.4105731
599,1640131200,48450.0,49595.0,48914.7,48608.62,10753.4990677
600,1640217600,48032.16,51397.82,48608.61,50842.2,16627.04627954
601,1640304000,50445.55,51878.6,50842.06,50851.38,11690.45418179
602,1640390400,50191.84,51171.68,50852.31,50428.31,5550.57153185
603,1640476800,49460.0,51295.33,50428.31,50801.79,6863.39473781
604,1640563200,50480.0,52100.0,50804.33,50717.77,11596.91468191
605,1640649600,47300.23,50720.35,50720.35,47543.09,23116.75583707
606,1640736000,46094.02,48149.58,47542.2,46471.24,20326.32142372
607,1640822400,45938.44,47926.15,46471.24,47122.08,27413.65364976
608,1640908800,45650.0,48574.7,47122.09,46211.24,19010.24134509
609,1640995200,46205.0,47967.12,46211.24,47733.43,9463.6617111
610,1641081600,46633.36,47990.0,47733.43,47299.07,6833.49845548
611,1641168000,45700.0,47583.33,47299.06,46459.56,10841.81020453
612,1641254400,45515.0,47532.89,46459.57,45814.61,16320.32712866
613,1641340800,42500.0,47076.55,45817.13,43436.04,25067.67476765
614,1641427200,42432.99,43794.5,43446.34,43083.76,20780.04784989
615,1641513600,40571.53,43144.72,43081.79,41565.18,26122.19990673
616,1641600000,40505.3,42318.97,41564.57,41684.84,15454.11315131
617,1641686400,41209.53,42831.12,41684.84,41876.52,11074.22498167
618,1641772800,39650.0,42250.0,41876.52,41824.07,25232.35739583
619,1641859200,41274.8,43130.0,41824.06,42753.44,19697.46613255
620,1641945600,42459.21,44342.83,42749.84,43920.37,16250.21469714
621,1642032000,42325.0,44453.22,43921.21,42581.65,14772.09478571
622,1642118400,41752.0,43473.98,42576.27,43090.72,13545.75086459
623,1642204800,42577.35,43819.39,43090.72,43098.2,6318.38550193
624,1642291200,42600.0,43497.24,43098.2,43104.34,6481.6580227
625,1642377600,41567.64,43200.0,43104.34,42218.01,10963.85191034
626,1642464000,41287.79,42692.71,42214.66,42369.74,13658.50365699
627,1642550400,41126.0,42586.03,42372.15,41674.27,15642.41727542
628,1642636800,40555.0,43511.99,41672.14,40670.97,17860.82318928
629,1642723200,35422.0,41127.79,40671.77,36456.94,50742.89616126
630,1642809600,34017.56,36835.93,36456.67,35066.43,30044.12486365
631,1642896000,34625.0,36555.55,35075.7,36282.47,17440.22740453
632,1642982400,32933.33,37574.63,36275.28,36693.32,38776.29020908
633,1643068800,35716.15,37579.81,36687.58,36980.0,21597.52201359
634,1643155200,36254.97,38960.0,36980.0,36840.63,27403.99125336
635,1643241600,35526.36,37249.0,36846.22,37188.37,23601.4620954
636,1643328000,36162.48,38023.74,37188.37,37741.9,22716.16494796
637,1643414400,37300.0,38748.43,37741.9,38191.1,13103.19076443
638,1643500800,37365.31,38384.07,38189.82,37901.35,10632.53591257
639,1643587200,36640.94,38785.04,37904.99,38491.93,19654.98487168
640,1643673600,38021.53,39300.0,38492.53,38716.88,16379.93141492
641,1643760000,36584.29,38888.88,38714.27,36923.39,13787.58718711
642,1643846400,36259.01,37450.75,36923.39,37329.91,13283.28624677
643,1643932800,37051.36,41788.81,37324.61,41614.64,22537.5582634
644,1644019200,40955.4,41970.0,41613.75,41404.85,11187.20118795
645,1644105600,41135.39,42719.93,41411.59,42415.16,6447.88488893
646,1644192000,41678.79,44533.0,42416.06,43868.07,20040.49860442
647,1644278400,42688.0,45519.24,43868.08,44085.59,20387.64565183
648,1644364800,43155.5,44865.46,44087.58,44416.35,12785.8117079
649,1644451200,43210.0,45855.0,44416.39,43527.71,20024.52326862
650,1644537600,42000.0,43962.13,43521.88,42386.47,19367.4151999
651,1644624000,41750.0,43050.0,42386.47,42244.97,8664.419567
652,1644710400,41885.61,42781.96,42244.91,42074.99,6208.94093653
653,1644796800,41570.0,42876.15,42073.37,42548.71,14805.98338836
654,1644883200,42433.28,44775.96,42548.71,44583.52,14154.73452625
655,1644969600,43330.59,44585.69,44580.73,43895.56,9663.44040395
656,1645056000,40099.99,44195.62,43895.55,40536.73,18630.10842181
657,1645142400,39425.07,40990.9,40537.94,39983.56,16491.0130588
658,1645228800,39655.0,40469.82,39993.64,40101.94,6277.30201343
659,1645315200,38000.0,40146.07,40101.93,38389.03,10972.32175685
660,1645401600,36811.0,39506.91,38395.99,37023.0,20970.76378699
661,1645488000,36350.0,38469.06,37022.11,38251.48,22767.08772002
662,1645574400,37055.0,39276.85,38251.67,37268.19,15510.11329997
663,1645660800,34322.0,39720.0,37268.18,38347.3,42124.51876077
664,1645747200,38016.44,39716.0,38347.3,39238.48,20761.66924479
665,1645833600,38592.04,40300.5,39242.71,39137.8,8601.67109728
666,1645920000,37020.0,39875.71,39146.97,37717.08,14440.23638182
667,1646006400,37455.71,44240.77,37716.57,43192.66,25699.68423401
668,1646092800,42850.0,44993.12,43189.61,44439.95,22596.96095342
669,1646179200,43342.16,45426.45,44440.0,43912.34,17466.98591437
670,1646265600,41811.0,44096.45,43916.47,42464.41,19278.28224695
671,1646352000,38577.01,42524.87,42464.41,39166.51,24080.60599433
672,1646438400,38587.27,39600.0,39166.5,39402.43,8440.51638896
673,1646524800,38091.02,39730.5,39407.87,38408.38,10099.98545246
674,1646611200,37161.88,39556.58,38406.82,37994.0,19544.28414901
675,1646697600,37851.54,39376.65,37991.05,38749.38,19132.76914326
676,1646784000,38655.98,42597.84,38749.16,41953.97,24651.67344036
677,1646870400,38560.85,42053.84,41949.28,39433.71,20814.01456026
678,1646956800,38234.08,40251.51,39431.4,38732.04,15908.57521389
679,1647043200,38654.02,39472.17,38732.33,38813.02,5644.14686801
680,1647129600,37580.86,39318.19,38815.56,37793.01,8046.37612453
681,1647216000,37560.4,39906.39,37793.4,39674.17,13566.81093809
682,1647302400,38135.0,39900.0,39678.51,39298.1,14924.67641882
683,1647388800,38850.0,41717.67,39298.11,41127.97,22805.48259593
684,1647475200,40521.0,41486.0,41127.96,40950.33,15717.77421989
685,1647561600,40130.0,42396.04,40950.23,41774.98,17181.15226772
686,1647648000,41534.89,42429.0,41781.37,42232.26,8630.97283924
687,1647734400,40918.72,42330.1,42232.05,41287.24,7621.03036678
688,1647820800,40509.0,41578.33,41287.24,41017.71,10996.47661055
689,1647907200,40885.19,43389.79,41017.7,42378.26,19913.28660924
690,1647993600,41766.79,43036.95,42376.03,42899.71,13745.27563632
691,1648080000,42627.48,44241.0,42899.71,44012.29,21827.93263859
692,1648166400,43605.8,45130.91,44012.36,44331.85,19128.13735444
693,1648252800,44091.09,44820.58,44336.19,44539.42,7305.17827992
694,1648339200,44437.22,46950.0,44538.21,46850.01,10356.10317002
695,1648425600,46662.28,48240.0,46850.01,47144.92,18787.66318707
696,1648512000,46589.0,48124.94,47146.92,47454.19,15776.65108647
697,1648598400,46544.89,47717.01,47448.41,47078.03,12672.44584707
698,1648684800,45211.0,47624.09,47078.02,45528.45,17454.79144251
699,1648771200,44232.86,46739.24,45525.25,46296.34,18111.13598043
700,1648857600,45642.89,47219.46,46296.36,45826.27,8380.14274375
701,1648944000,45552.07,47469.4,45826.24,46422.16,8773.77185888
702,1649030400,45129.93,46900.0,46420.08,46596.83,13802.44111729
703,1649116800,45371.16,47200.0,46594.39,45506.5,14390.57308541
704,1649203200,43115.26,45523.25,45509.92,43166.7,24250.37283725
705,1649289600,42734.69,43908.58,43166.71,43452.18,13245.36612438
706,1649376000,42112.0,44000.0,43444.71,42262.02,11929.52123708
707,1649462400,42118.96,42816.38,42261.9,42766.93,4805.71689778
708,1649548800,41885.86,43443.32,42766.46,42165.96,5770.49368126
709,1649635200,39204.59,42424.14,42165.96,39535.87,17229.3729009
710,1649721600,39250.0,40705.68,39535.88,40086.23,13866.41847396
711,1649808000,39550.0,41570.88,40086.7,41146.68,11457.63380548
712,1649894400,39573.8,41512.43,41147.15,39954.08,11020.37202049
713,1649980800,39770.22,40850.0,39953.62,40554.58,6448.01134712
714,1650067200,40005.0,40699.99,40554.6,40387.6,4084.16565112
715,1650153600,39553.07,40605.46,40387.6,39683.54,4833.31493601
716,1650240000,38550.0,41100.0,39681.11,40803.58,13090.79423386
717,1650326400,40571.99,41772.94,40810.87,41503.85,10218.113707
718,1650412800,40900.0,42209.58,41501.56,41377.61,14609.28392672
719,1650499200,39744.75,43109.47,41371.88,40480.81,17204.35326683
720,1650585600,39174.8,40802.65,40483.38,39712.25,16871.32104798
721,1650672000,39296.19,39993.82,39712.2,39465.87,6957.16710365
722,1650758400,39000.0,39945.74,39459.63,39464.56,6436.45656858
723,1650844800,38210.24,40605.3,39463.75,40439.22,20515.87532995
724,1650931200,37700.0,40817.16,40440.9,38113.82,21648.1142493
725,1651017600,37882.83,39470.0,38118.43,39251.11,20832.19649199
726,1651104000,38883.83,40400.0,39251.02,39743.22,16718.83057299
727,1651190400,38161.85,39926.8,39741.21,38593.1,14282.25993546
728,1651276800,37590.0,38795.0,38592.27,37644.1,6931.07200088
729,1651363200,37401.0,38675.37,37640.35,38306.69,6942.32675532
